{
  "best_params": {
    "Y": 2.0999999999999996,
    "V_Y": 0.3,
    "V_X": 0.3,
    "V_THETA": 1.3,
    "THETA": 0.55,
    "X": 0.1,
    "Y_WIND": 0.1,
    "X_BOUNDARY": 1.0,
    "MIN_THETA": 0.42999999999999994
  },
  "best_accuracy": 46.0
}